{
  "positive": [
    {
      "x": 375.81878662109375,
      "y": 202.6500244140625
    }
  ],
  "negative": [
    {
      "x": 182.81878662109375,
      "y": 161.6500244140625
    }
  ]
}