{
  "positive": [
    {
      "x": 233.81878662109375,
      "y": 252.6500244140625
    }
  ],
  "negative": [
    {
      "x": 342.81878662109375,
      "y": 162.6500244140625
    }
  ]
}