{
  "positive": [
    {
      "x": 347.81878662109375,
      "y": 200.11251831054688
    }
  ],
  "negative": [
    {
      "x": 33.81878662109375,
      "y": 380.1125183105469
    }
  ]
}