{
  "positive": [
    {
      "x": 343.81878662109375,
      "y": 287.6500244140625
    }
  ],
  "negative": [
    {
      "x": 15.81878662109375,
      "y": 454.6500244140625
    },
    {
      "x": 55.81878662109375,
      "y": 144.6500244140625
    }
  ]
}