{
  "positive": [
    {
      "x": 42.81878662109375,
      "y": 404.1125183105469
    }
  ],
  "negative": [
    {
      "x": 355.81878662109375,
      "y": 198.11251831054688
    }
  ]
}