{
  "positive": [
    {
      "x": 237.81878662109375,
      "y": 259.8500061035156
    }
  ],
  "negative": [
    {
      "x": 347.81878662109375,
      "y": 157.85000610351562
    }
  ]
}