{
  "positive": [
    {
      "x": 417.40631103515625,
      "y": 261.2125244140625
    }
  ],
  "negative": [
    {
      "x": 669.4063110351562,
      "y": 115.2125244140625
    }
  ]
}