{
  "positive": [
    {
      "x": 334.40631103515625,
      "y": 62.98126220703125
    }
  ],
  "negative": [
    {
      "x": 503.40631103515625,
      "y": 79.98126220703125
    }
  ]
}