{
  "positive": [
    {
      "x": 591.4063110351562,
      "y": 94.2125244140625
    }
  ],
  "negative": [
    {
      "x": 395.40631103515625,
      "y": 218.2125244140625
    }
  ]
}