{
  "positive": [
    {
      "x": 430.40631103515625,
      "y": 90.98126220703125
    }
  ],
  "negative": [
    {
      "x": 712.4063110351562,
      "y": 67.98126220703125
    }
  ]
}